<?xml version='1.0' encoding='utf-8'?>
<feed xmlns='http://www.w3.org/2005/Atom'>
    <id>http://www.ichimonji10.name/</id>
    <title>Recent Blog Posts</title>
    <author>
        <name>Jeremy Audet</name>
    </author>
    <link href='http://www.ichimonji10.name/blog/feed.xml' rel='self' />

    
    
    <updated>2015-11-20T15:44:00-05:00</updated>

    
    
    <entry>
        <id>http://www.ichimonji10.name/blog/10/</id>
        <title>Adventures with Pulp and Vagrant</title>
        <updated>2015-12-11T12:08:00-05:00</updated>
        <link href='http://www.ichimonji10.name/blog/10/' />
        <summary>A log detailing steps taken while spinning up Pulp systems with Vagrant.
</summary>
        <published>2015-11-20T15:44:00-05:00</published>
    </entry>
    
    <entry>
        <id>http://www.ichimonji10.name/blog/9/</id>
        <title>Why Pulp Smash?</title>
        <updated>2015-10-15T14:18:00-04:00</updated>
        <link href='http://www.ichimonji10.name/blog/9/' />
        <summary>A brief competitive analysis.</summary>
        <published>2015-10-15T14:18:00-04:00</published>
    </entry>
    
    <entry>
        <id>http://www.ichimonji10.name/blog/8/</id>
        <title>Notes On mdadm</title>
        <updated>2015-08-04T17:28:00-04:00</updated>
        <link href='http://www.ichimonji10.name/blog/8/' />
        <summary>Some notes on working with mdadm.</summary>
        <published>2015-08-04T17:28:00-04:00</published>
    </entry>
    
    <entry>
        <id>http://www.ichimonji10.name/blog/7/</id>
        <title>The State of NailGun</title>
        <updated>2015-05-26T15:25:00-04:00</updated>
        <link href='http://www.ichimonji10.name/blog/7/' />
        <summary>What ever happened to Robottelo's `EntityCreateMixin`? A primer on the current state of affairs.
</summary>
        <published>2015-05-26T15:25:00-04:00</published>
    </entry>
    
    <entry>
        <id>http://www.ichimonji10.name/blog/6/</id>
        <title>How to Mock Python's `open` function</title>
        <updated>2015-01-16T18:30:00-05:00</updated>
        <link href='http://www.ichimonji10.name/blog/6/' />
        <summary>Some notes on the surprisingly intricate task of mocking Python's `open` function, and a concrete example of how to do so.
</summary>
        <published>2015-01-16T18:30:00-05:00</published>
    </entry>
    
    <entry>
        <id>http://www.ichimonji10.name/blog/5/</id>
        <title>Dear FCC</title>
        <updated>2015-02-26T17:47:00-05:00</updated>
        <link href='http://www.ichimonji10.name/blog/5/' />
        <summary>My message to the FCC in response to proceeding 14-28, "Protecting and Promoting the Open Internet".
</summary>
        <published>2014-11-05T16:59:00-05:00</published>
    </entry>
    
    <entry>
        <id>http://www.ichimonji10.name/blog/4/</id>
        <title>Robottelo's EntityCreateMixin</title>
        <updated>2014-11-24T18:44:00-05:00</updated>
        <link href='http://www.ichimonji10.name/blog/4/' />
        <summary>An introduction to Robottelo's API ORM.</summary>
        <published>2014-10-30T21:28:00-04:00</published>
    </entry>
    
    <entry>
        <id>http://www.ichimonji10.name/blog/3/</id>
        <title>GNU Make Terminology</title>
        <updated>2014-10-04T01:10:00-04:00</updated>
        <link href='http://www.ichimonji10.name/blog/3/' />
        <summary>A very brief guide to GNU Make terminology.</summary>
        <published>2014-10-04T01:10:00-04:00</published>
    </entry>
    
    <entry>
        <id>http://www.ichimonji10.name/blog/2/</id>
        <title>Docstring Dissection</title>
        <updated>2014-09-09T20:00:00-04:00</updated>
        <link href='http://www.ichimonji10.name/blog/2/' />
        <summary>An examination of a badly-written Python docstring: why it's bad, how it can be made better and why you should do so.
</summary>
        <published>2014-09-09T20:00:00-04:00</published>
    </entry>
    
    <entry>
        <id>http://www.ichimonji10.name/blog/1/</id>
        <title>OpenVPN HOWTO</title>
        <updated>2014-09-07T19:00:00-04:00</updated>
        <link href='http://www.ichimonji10.name/blog/1/' />
        <summary>A detailed discussion of how to use the OpenVPN client. Discusses two possible configurations: one simple, and one complex.
</summary>
        <published>2014-09-07T19:00:00-04:00</published>
    </entry>
    
</feed>
